MessageID,ToUserID,FromUserID,Content
1,47,50,Vestibulum ante ipsum primis in faucibus orci luctus et ultrices posuere cubilia Curae; Duis faucibus accumsan odio.
2,59,13,Vestibulum rutrum rutrum neque.
3,37,16,Morbi vel lectus in quam fringilla rhoncus.
4,52,42,Nulla nisl.
5,50,5,Quisque porta volutpat erat.
6,6,35,"In tempor, turpis nec euismod scelerisque, quam turpis adipiscing lorem, vitae mattis nibh ligula nec sem."
7,38,7,"Aliquam augue quam, sollicitudin vitae, consectetuer eget, rutrum at, lorem."
8,32,15,"Integer pede justo, lacinia eget, tincidunt eget, tempus vel, pede."
9,2,51,"Cras mi pede, malesuada in, imperdiet et, commodo vulputate, justo."
10,35,48,Nullam sit amet turpis elementum ligula vehicula consequat.
11,38,49,"Duis bibendum, felis sed interdum venenatis, turpis enim blandit mi, in porttitor pede justo eu massa."
12,19,16,Donec ut mauris eget massa tempor convallis.
13,20,48,"Vestibulum quam sapien, varius ut, blandit non, interdum in, ante."
14,23,54,Etiam faucibus cursus urna.
15,23,37,Nulla facilisi.
16,25,12,"Vivamus metus arcu, adipiscing molestie, hendrerit at, vulputate vitae, nisl."
17,24,57,In hac habitasse platea dictumst.
18,35,43,Quisque porta volutpat erat.
19,22,12,"Proin leo odio, porttitor id, consequat in, consequat ut, nulla."
20,53,55,Sed accumsan felis.
21,44,47,"Cum sociis natoque penatibus et magnis dis parturient montes, nascetur ridiculus mus."
22,16,40,"Morbi odio odio, elementum eu, interdum eu, tincidunt in, leo."
23,43,23,Vestibulum ante ipsum primis in faucibus orci luctus et ultrices posuere cubilia Curae; Mauris viverra diam vitae quam.
24,25,27,Vivamus tortor.
25,21,19,Proin eu mi.
26,2,11,"Integer aliquet, massa id lobortis convallis, tortor risus dapibus augue, vel accumsan tellus nisi eu orci."
27,20,6,Mauris lacinia sapien quis libero.
28,41,30,Pellentesque at nulla.
29,53,60,Mauris ullamcorper purus sit amet nulla.
30,19,10,Morbi quis tortor id nulla ultrices aliquet.
31,4,7,Aliquam non mauris.
32,41,11,Donec semper sapien a libero.
33,14,60,"Nullam orci pede, venenatis non, sodales sed, tincidunt eu, felis."
34,45,17,"Vestibulum quam sapien, varius ut, blandit non, interdum in, ante."
35,21,46,Nulla tempus.
36,35,57,Aenean lectus.
37,47,36,Maecenas rhoncus aliquam lacus.
38,6,35,"Maecenas leo odio, condimentum id, luctus nec, molestie sed, justo."
39,17,12,"Integer aliquet, massa id lobortis convallis, tortor risus dapibus augue, vel accumsan tellus nisi eu orci."
40,3,30,Praesent blandit lacinia erat.
41,39,43,Aenean sit amet justo.
42,54,37,Suspendisse accumsan tortor quis turpis.
43,4,22,Donec vitae nisi.
44,48,55,Nullam varius.
45,7,34,Vestibulum sed magna at nunc commodo placerat.
46,10,27,"Maecenas leo odio, condimentum id, luctus nec, molestie sed, justo."
47,44,58,Cras pellentesque volutpat dui.
48,18,1,Duis consequat dui nec nisi volutpat eleifend.
49,32,23,Quisque ut erat.
50,55,6,"In est risus, auctor sed, tristique in, tempus sit amet, sem."
51,25,18,Aenean lectus.
52,46,9,"Integer aliquet, massa id lobortis convallis, tortor risus dapibus augue, vel accumsan tellus nisi eu orci."
53,31,50,Nulla mollis molestie lorem.
54,11,2,Nunc nisl.
55,22,8,Morbi vel lectus in quam fringilla rhoncus.
56,19,40,Aliquam sit amet diam in magna bibendum imperdiet.
57,33,15,Nulla suscipit ligula in lacus.
58,43,5,Integer tincidunt ante vel ipsum.
59,60,51,Morbi quis tortor id nulla ultrices aliquet.
60,30,42,Duis aliquam convallis nunc.
